id_county	county	size	population	id_state	state	density
1001	Flensburg, Stadt	56.74	88519	1	Schleswig-Holstein	1560.081071554459
1002	Kiel, Stadt	118.65	247943	1	Schleswig-Holstein	2089.7008006742517
1003	Lübeck, Stadt	214.21	216318	1	Schleswig-Holstein	1009.8408104196816
1004	Neumünster, Stadt	71.63	79335	1	Schleswig-Holstein	1107.566662013123
1051	Dithmarschen	1428.1699999999998	133447	1	Schleswig-Holstein	93.43915640294924
1053	Herzogtum Lauenburg	1263.0600000000006	196074	1	Schleswig-Holstein	155.23728088926885
1054	Nordfriesland	2082.9700000000003	165462	1	Schleswig-Holstein	79.43561357100677
1055	Ostholstein	1392.58	200584	1	Schleswig-Holstein	144.03768544715564
1056	Pinneberg	664.28	312662	1	Schleswig-Holstein	470.6780273378696
1057	Plön	1083.1800000000003	128842	1	Schleswig-Holstein	118.94791262763341
1058	Rendsburg-Eckernförde	2189.2599999999993	273022	1	Schleswig-Holstein	124.7097192658707
1059	Schleswig-Flensburg	2071.1300000000006	199503	1	Schleswig-Holstein	96.32567728727793
1060	Segeberg	1344.4	274025	1	Schleswig-Holstein	203.82698601606663
1061	Steinburg	1055.6999999999998	131613	1	Schleswig-Holstein	124.66894003978405
1062	Stormarn	766.3200000000003	242472	1	Schleswig-Holstein	316.41089884121504
2000	Hamburg, Stadt	755.3	1830584	2	Hamburg	2423.651529193698
3101	Braunschweig, Stadt	192.7	248023	3	Niedersachsen	1287.0939283860926
3102	Salzgitter, Stadt	224.49	104548	3	Niedersachsen	465.7133948060047
3103	Wolfsburg, Stadt	204.61	123914	3	Niedersachsen	605.6106739651043
3151	Gifhorn	1567.58	175079	3	Niedersachsen	111.68744178925478
3153	Goslar	966.7399999999999	137563	3	Niedersachsen	142.2957568736165
3154	Helmstedt	676.1099999999999	91720	3	Niedersachsen	135.65839878126343
3155	Northeim	1268.76	133046	3	Niedersachsen	104.8630158580031
3157	Peine	536.5	133368	3	Niedersachsen	248.58900279589935
3158	Wolfenbüttel	724.2899999999998	120437	3	Niedersachsen	166.28284250783528
3159	Göttingen	1755.5300000000002	328036	3	Niedersachsen	186.85866946164404
3241	Region Hannover	2297.1299999999997	1152675	3	Niedersachsen	501.7891891185959
3251	Diepholz	1990.9699999999996	216012	3	Niedersachsen	108.49585880249327
3252	Hameln-Pyrmont	797.53	148296	3	Niedersachsen	185.94410241621006
3254	Hildesheim	1208.3500000000001	276640	3	Niedersachsen	228.940290478752
3255	Holzminden	694.2399999999999	71144	3	Niedersachsen	102.47752938465085
3256	Nienburg (Weser)	1400.7900000000002	121470	3	Niedersachsen	86.7153534791082
3257	Schaumburg	675.6899999999999	157883	3	Niedersachsen	233.66188636800902
3351	Celle	1550.8199999999997	178764	3	Niedersachsen	115.27063102100826
3352	Cuxhaven	2058.9700000000003	198100	3	Niedersachsen	96.21315512124994
3353	Harburg	1248.57	251511	3	Niedersachsen	201.4392464979937
3354	Lüchow-Dannenberg	1227.2800000000002	48357	3	Niedersachsen	39.401766508050315
3355	Lüneburg	1327.6799999999998	182930	3	Niedersachsen	137.78169438418897
3356	Osterholz	652.67	113105	3	Niedersachsen	173.29584629291986
3357	Rotenburg (Wümme)	2074.7899999999995	163377	3	Niedersachsen	78.74387287388123
3358	Heidekreis	1881.3999999999999	139099	3	Niedersachsen	73.93377272244074
3359	Stade	1267.3999999999999	201887	3	Niedersachsen	159.2922518541897
3360	Uelzen	1462.6100000000001	92744	3	Niedersachsen	63.40993156070312
3361	Verden	789.3999999999999	136590	3	Niedersachsen	173.03014948061823
3401	Delmenhorst, Stadt	62.45	77521	3	Niedersachsen	1241.3290632506005
3402	Emden, Stadt	112.34	50607	3	Niedersachsen	450.48068363895317
3403	Oldenburg (Oldenburg), Stadt	103.09	167081	3	Niedersachsen	1620.7294596954118
3404	Osnabrück, Stadt	119.8	164374	3	Niedersachsen	1372.0701168614357
3405	Wilhelmshaven, Stadt	107.07	76316	3	Niedersachsen	712.7673484636219
3451	Ammerland	730.56	123377	3	Niedersachsen	168.88003723171266
3452	Aurich	1287.34	189949	3	Niedersachsen	147.55154038560133
3453	Cloppenburg	1420.4199999999998	167925	3	Niedersachsen	118.22207516086793
3454	Emsland	2883.67	323636	3	Niedersachsen	112.2305950403479
3455	Friesland	609.54	98509	3	Niedersachsen	161.61203530531222
3456	Grafschaft Bentheim	981.8100000000002	135859	3	Niedersachsen	138.37606054124524
3457	Leer	1085.69	168946	3	Niedersachsen	155.61163868139155
3458	Oldenburg	1064.83	129924	3	Niedersachsen	122.0138425852014
3459	Osnabrück	2121.81	356140	3	Niedersachsen	167.84726247873277
3460	Vechta	814.1999999999999	140540	3	Niedersachsen	172.61115205109311
3461	Wesermarsch	824.76	89022	3	Niedersachsen	107.93685435763132
3462	Wittmund	656.83	56731	3	Niedersachsen	86.37090266887931
4011	Bremen, Stadt	326.18	568006	4	Bremen	1741.3881905696242
4012	Bremerhaven, Stadt	93.66	113026	4	Bremen	1206.7691650651293
5111	Düsseldorf, Stadt	217.41	617280	5	Nordrhein-Westfalen	2839.2438250310474
5112	Duisburg, Stadt	232.8	498110	5	Nordrhein-Westfalen	2139.647766323024
5113	Essen, Stadt	210.34	583393	5	Nordrhein-Westfalen	2773.571360654179
5114	Krefeld, Stadt	137.77	226699	5	Nordrhein-Westfalen	1645.4888582419974
5116	Mönchengladbach, Stadt	170.47	262188	5	Nordrhein-Westfalen	1538.0301519328914
5117	Mülheim an der Ruhr, Stadt	91.28	171265	5	Nordrhein-Westfalen	1876.2598597721296
5119	Oberhausen, Stadt	77.09	211422	5	Nordrhein-Westfalen	2742.5346997016472
5120	Remscheid, Stadt	74.52	110584	5	Nordrhein-Westfalen	1483.9506172839508
5122	Solingen, Stadt	89.54	158803	5	Nordrhein-Westfalen	1773.542550815278
5124	Wuppertal, Stadt	168.39	353590	5	Nordrhein-Westfalen	2099.8277807470754
5154	Kleve	1233.0000000000002	311270	5	Nordrhein-Westfalen	252.44931062449305
5158	Mettmann	407.21000000000004	485409	5	Nordrhein-Westfalen	1192.036050195231
5162	Rhein-Kreis Neuss	576.42	449408	5	Nordrhein-Westfalen	779.6537247146179
5166	Viersen	563.27	298733	5	Nordrhein-Westfalen	530.3548919701032
5170	Wesel	1042.8100000000002	460666	5	Nordrhein-Westfalen	441.75449027147795
5314	Bonn, Stadt	141.06	325490	5	Nordrhein-Westfalen	2307.457819367645
5315	Köln, Stadt	405.02	1080394	5	Nordrhein-Westfalen	2667.507777393709
5316	Leverkusen, Stadt	78.87	163577	5	Nordrhein-Westfalen	2074.0078610371497
5334	Städteregion Aachen	706.8399999999999	554068	5	Nordrhein-Westfalen	783.8662214928414
5358	Düren	941.78	262889	5	Nordrhein-Westfalen	279.1405636135828
5362	Rhein-Erft-Kreis	704.7	467209	5	Nordrhein-Westfalen	662.989924790691
5366	Euskirchen	1248.72	192127	5	Nordrhein-Westfalen	153.85915177141393
5370	Heinsberg	627.9899999999999	253106	5	Nordrhein-Westfalen	403.04144970461317
5374	Oberbergischer Kreis	918.8399999999999	272968	5	Nordrhein-Westfalen	297.0789256018458
5378	Rheinisch-Bergischer Kreis	437.32000000000005	283344	5	Nordrhein-Westfalen	647.9099972560139
5382	Rhein-Sieg-Kreis	1153.2100000000003	599056	5	Nordrhein-Westfalen	519.4682668377831
5512	Bottrop, Stadt	100.61	117364	5	Nordrhein-Westfalen	1166.52420236557
5513	Gelsenkirchen, Stadt	104.94	260305	5	Nordrhein-Westfalen	2480.5126739089005
5515	Münster, Stadt	303.28	313559	5	Nordrhein-Westfalen	1033.8927723555792
5554	Borken	1420.9599999999998	369718	5	Nordrhein-Westfalen	260.18888638666823
5558	Coesfeld	1112.0299999999997	219360	5	Nordrhein-Westfalen	197.26086526442637
5562	Recklinghausen	761.32	616824	5	Nordrhein-Westfalen	810.2033310565859
5566	Steinfurt	1795.7599999999998	446565	5	Nordrhein-Westfalen	248.67744019245336
5570	Warendorf	1319.42	277458	5	Nordrhein-Westfalen	210.28785375392218
5711	Bielefeld, Stadt	258.82	332552	5	Nordrhein-Westfalen	1284.8775210571055
5754	Gütersloh	969.2099999999997	363049	5	Nordrhein-Westfalen	374.58239184490475
5758	Herford	450.41	251539	5	Nordrhein-Westfalen	558.466730312382
5762	Höxter	1201.42	141565	5	Nordrhein-Westfalen	117.83139951057915
5766	Lippe	1246.1899999999998	349069	5	Nordrhein-Westfalen	280.1089721471044
5770	Minden-Lübbecke	1152.4099999999999	311207	5	Nordrhein-Westfalen	270.0488541404535
5774	Paderborn	1246.78	305362	5	Nordrhein-Westfalen	244.920515247277
5911	Bochum, Stadt	145.66	365529	5	Nordrhein-Westfalen	2509.4672525058354
5913	Dortmund, Stadt	280.71	586600	5	Nordrhein-Westfalen	2089.7011150297462
5914	Hagen, Stadt	160.45	187730	5	Nordrhein-Westfalen	1170.021813649112
5915	Hamm, Stadt	226.43	179185	5	Nordrhein-Westfalen	791.3483195689616
5916	Herne, Stadt	51.42	156490	5	Nordrhein-Westfalen	3043.368339167639
5954	Ennepe-Ruhr-Kreis	409.64	324670	5	Nordrhein-Westfalen	792.5739673859974
5958	Hochsauerlandkreis	1960.1499999999999	261591	5	Nordrhein-Westfalen	133.45458255745734
5962	Märkischer Kreis	1061.08	413383	5	Nordrhein-Westfalen	389.5870245410337
5966	Olpe	712.1400000000001	134808	5	Nordrhein-Westfalen	189.29985676973627
5970	Siegen-Wittgenstein	1132.89	277977	5	Nordrhein-Westfalen	245.3698064242777
5974	Soest	1328.6200000000001	301693	5	Nordrhein-Westfalen	227.0724511146904
5978	Unna	543.21	393934	5	Nordrhein-Westfalen	725.1965170007916
6411	Darmstadt, Stadt	122.09	158254	6	Hessen	1296.2077156196249
6412	Frankfurt am Main, Stadt	248.31	746878	6	Hessen	3007.8450324191535
6413	Offenbach am Main, Stadt	44.89	126658	6	Hessen	2821.5192693250165
6414	Wiesbaden, Stadt	203.93	278654	6	Hessen	1366.4198499485117
6431	Bergstraße	719.5099999999999	268780	6	Hessen	373.55978374171315
6432	Darmstadt-Dieburg	658.63	296048	6	Hessen	449.49060929505185
6433	Groß-Gerau	453.03000000000003	271403	6	Hessen	599.083945875549
6434	Hochtaunuskreis	482	235995	6	Hessen	489.6161825726141
6435	Main-Kinzig-Kreis	1397.55	418208	6	Hessen	299.2436764337591
6436	Main-Taunus-Kreis	222.39	236969	6	Hessen	1065.556005216062
6437	Odenwaldkreis	623.97	96597	6	Hessen	154.81032741958748
6438	Offenbach	356.2900000000001	351692	6	Hessen	987.0947823402282
6439	Rheingau-Taunus-Kreis	811.48	186602	6	Hessen	229.9526790555528
6440	Wetteraukreis	1100.6899999999998	305312	6	Hessen	277.38236924111243
6531	Gießen	854.6600000000001	267056	6	Hessen	312.470456087801
6532	Lahn-Dill-Kreis	1066.53	254164	6	Hessen	238.30928337693268
6533	Limburg-Weilburg	738.4599999999999	171971	6	Hessen	232.87788099558543
6534	Marburg-Biedenkopf	1262.5399999999997	246165	6	Hessen	194.976000760372
6535	Vogelsbergkreis	1458.9899999999998	106451	6	Hessen	72.96211762931893
6611	Kassel, Stadt	106.78	200736	6	Hessen	1879.9026034837984
6631	Fulda	1380.48	221783	6	Hessen	160.65643834028742
6632	Hersfeld-Rotenburg	1097.09	121101	6	Hessen	110.38383359614983
6633	Kassel	1292.92	236674	6	Hessen	183.05386257463724
6634	Schwalm-Eder-Kreis	1538.4900000000002	180754	6	Hessen	117.48792647336022
6635	Waldeck-Frankenberg	1848.44	157256	6	Hessen	85.07498214710783
6636	Werra-Meißner-Kreis	1024.69	101101	6	Hessen	98.66496208609432
7111	Koblenz, Stadt	105.25	113844	7	Rheinland-Pfalz	1081.6532066508314
7131	Ahrweiler	787.02	128914	7	Rheinland-Pfalz	163.80015755635182
7132	Altenkirchen (Westerwald)	642.37	128791	7	Rheinland-Pfalz	200.4934850631256
7133	Bad Kreuznach	863.8899999999996	157549	7	Rheinland-Pfalz	182.37159823588658
7134	Birkenfeld	776.8300000000003	80728	7	Rheinland-Pfalz	103.91977652768298
7135	Cochem-Zell	692.4600000000003	61662	7	Rheinland-Pfalz	89.04774282991072
7137	Mayen-Koblenz	817.6899999999999	213554	7	Rheinland-Pfalz	261.1674350915384
7138	Neuwied	627.0399999999998	181655	7	Rheinland-Pfalz	289.70241132942084
7140	Rhein-Hunsrück-Kreis	991.0699999999999	102938	7	Rheinland-Pfalz	103.86551908543292
7141	Rhein-Lahn-Kreis	782.1899999999996	122381	7	Rheinland-Pfalz	156.45942801621098
7143	Westerwaldkreis	989.0599999999994	201039	7	Rheinland-Pfalz	203.2626938709483
7211	Trier, Stadt	117.06	110013	7	Rheinland-Pfalz	939.8001025115325
7231	Bernkastel-Wittlich	1167.9299999999998	112134	7	Rheinland-Pfalz	96.01089106367678
7232	Eifelkreis Bitburg-Prüm	1626.9599999999994	98213	7	Rheinland-Pfalz	60.36595859762996
7233	Vulkaneifel	911.6499999999997	60705	7	Rheinland-Pfalz	66.58805462622719
7235	Trier-Saarburg	1102.1899999999998	148532	7	Rheinland-Pfalz	134.76079441838525
7311	Frankenthal (Pfalz), Stadt	43.88	48417	7	Rheinland-Pfalz	1103.3956244302642
7312	Kaiserslautern, Stadt	139.7	99684	7	Rheinland-Pfalz	713.5576234788833
7313	Landau in der Pfalz, Stadt	82.94	46292	7	Rheinland-Pfalz	558.1384133108271
7314	Ludwigshafen am Rhein, Stadt	77.43	168497	7	Rheinland-Pfalz	2176.1203667829004
7315	Mainz, Stadt	97.73	215110	7	Rheinland-Pfalz	2201.064156349125
7316	Neustadt an der Weinstraße, Stadt	117.09	53353	7	Rheinland-Pfalz	455.6580408232983
7317	Pirmasens, Stadt	61.36	40632	7	Rheinland-Pfalz	662.1903520208605
7318	Speyer, Stadt	42.71	50931	7	Rheinland-Pfalz	1192.484195738703
7319	Worms, Stadt	108.73	83081	7	Rheinland-Pfalz	764.1037432171433
7320	Zweibrücken, Stadt	70.64	34270	7	Rheinland-Pfalz	485.13590033975083
7331	Alzey-Worms	588.07	128519	7	Rheinland-Pfalz	218.54371078272993
7332	Bad Dürkheim	594.6099999999999	132739	7	Rheinland-Pfalz	223.23707976656974
7333	Donnersbergkreis	645.43	75102	7	Rheinland-Pfalz	116.35963621151791
7334	Germersheim	463.32000000000005	128477	7	Rheinland-Pfalz	277.2964689631356
7335	Kaiserslautern	639.9800000000001	105649	7	Rheinland-Pfalz	165.08172130379072
7336	Kusel	573.5799999999999	70764	7	Rheinland-Pfalz	123.37250252798216
7337	Südliche Weinstraße	639.9699999999998	110622	7	Rheinland-Pfalz	172.85497757707398
7338	Rhein-Pfalz-Kreis	304.99	153629	7	Rheinland-Pfalz	503.7181546935965
7339	Mainz-Bingen	605.37	209785	7	Rheinland-Pfalz	346.54013248096203
7340	Südwestpfalz	953.5600000000004	95474	7	Rheinland-Pfalz	100.12374680145975
8111	Stuttgart, Stadt	207.33	632743	8	Baden-Württemberg	3051.864177880673
8115	Böblingen	617.79	389548	8	Baden-Württemberg	630.5508344259376
8116	Esslingen	641.2799999999999	532447	8	Baden-Württemberg	830.2878617764472
8117	Göppingen	642.3299999999997	256345	8	Baden-Württemberg	399.0861395232982
8118	Ludwigsburg	686.75	542630	8	Baden-Württemberg	790.1419730615216
8119	Rems-Murr-Kreis	858.09	424878	8	Baden-Württemberg	495.143866028039
8121	Heilbronn, Stadt	99.89	125113	8	Baden-Württemberg	1252.507758534388
8125	Heilbronn	1099.94	340772	8	Baden-Württemberg	309.8096259795989
8126	Hohenlohekreis	776.76	111392	8	Baden-Württemberg	143.40594263350326
8127	Schwäbisch Hall	1484.07	194203	8	Baden-Württemberg	130.85838269084343
8128	Main-Tauber-Kreis	1304.13	132189	8	Baden-Württemberg	101.36182742518
8135	Heidenheim	627.1099999999999	132006	8	Baden-Württemberg	210.49895552614376
8136	Ostalbkreis	1511.3600000000001	312422	8	Baden-Württemberg	206.71580563201354
8211	Baden-Baden, Stadt	140.19	54718	8	Baden-Württemberg	390.31314644411157
8212	Karlsruhe, Stadt	173.42	311919	8	Baden-Württemberg	1798.6333756198826
8215	Karlsruhe	1085.27	442673	8	Baden-Württemberg	407.8920452974836
8216	Rastatt	738.42	230216	8	Baden-Württemberg	311.76837030416294
8221	Heidelberg, Stadt	108.89	160601	8	Baden-Württemberg	1474.892092937827
8222	Mannheim, Stadt	144.97	307997	8	Baden-Württemberg	2124.556804856177
8225	Neckar-Odenwald-Kreis	1125.9499999999998	143376	8	Baden-Württemberg	127.33780363248815
8226	Rhein-Neckar-Kreis	1061.5399999999997	546745	8	Baden-Württemberg	515.0488912334911
8231	Pforzheim, Stadt	98.07	124289	8	Baden-Württemberg	1267.3498521464262
8235	Calw	797.31	157424	8	Baden-Württemberg	197.44390513100302
8236	Enzkreis	573.6199999999999	198369	8	Baden-Württemberg	345.819532094418
8237	Freudenstadt	870.3900000000001	117456	8	Baden-Württemberg	134.94640333643537
8311	Freiburg im Breisgau, Stadt	153.04	229636	8	Baden-Württemberg	1500.4966021955045
8315	Breisgau-Hochschwarzwald	1378.3099999999995	262405	8	Baden-Württemberg	190.3816993274373
8316	Emmendingen	679.7900000000002	164712	8	Baden-Württemberg	242.29835684549633
8317	Ortenaukreis	1860.29	425932	8	Baden-Württemberg	228.96000086008095
8325	Rottweil	769.44	138858	8	Baden-Württemberg	180.4663131628197
8326	Schwarzwald-Baar-Kreis	1025.3400000000001	211207	8	Baden-Württemberg	205.98728226734545
8327	Tuttlingen	734.35	139397	8	Baden-Württemberg	189.8236535711854
8335	Konstanz	817.9700000000001	284015	8	Baden-Württemberg	347.21933567245736
8336	Lörrach	806.7199999999998	228314	8	Baden-Württemberg	283.01517255057524
8337	Waldshut	1131.1	170198	8	Baden-Württemberg	150.47122270356292
8415	Reutlingen	1092.46	285754	8	Baden-Württemberg	261.56930230855136
8416	Tübingen	519.14	225755	8	Baden-Württemberg	434.86342797703895
8417	Zollernalbkreis	917.5599999999998	188170	8	Baden-Württemberg	205.07650725838096
8421	Ulm, Stadt	118.68	125596	8	Baden-Württemberg	1058.2743511964948
8425	Alb-Donau-Kreis	1358.5399999999995	194629	8	Baden-Württemberg	143.26335625009207
8426	Biberach	1409.4900000000002	198265	8	Baden-Württemberg	140.66435377335063
8435	Bodenseekreis	664.7699999999999	214655	8	Baden-Württemberg	322.9011537825113
8436	Ravensburg	1632.0899999999995	283264	8	Baden-Württemberg	173.55905617949998
8437	Sigmaringen	1204.22	130192	8	Baden-Württemberg	108.11313547358456
9161	Ingolstadt, Stadt	133.35	135244	9	Bayern	1014.2032245969255
9162	München, Stadt	310.71	1456039	9	Bayern	4686.1671655241225
9163	Rosenheim, Stadt	37.22	63080	9	Bayern	1694.7877485222998
9171	Altötting	569.29	110338	9	Bayern	193.81685959704194
9172	Berchtesgadener Land	839.85	105052	9	Bayern	125.08424123355361
9173	Bad Tölz-Wolfratshausen	1110.66	126572	9	Bayern	113.96106819368663
9174	Dachau	579.15	152703	9	Bayern	263.6674436674437
9175	Ebersberg	549.3900000000001	140800	9	Bayern	256.284242523526
9176	Eichstätt	1213.86	131646	9	Bayern	108.45237506796501
9177	Erding	870.7299999999999	136884	9	Bayern	157.20602253281731
9178	Freising	799.8499999999999	177997	9	Bayern	222.53797587047575
9179	Fürstenfeldbruck	434.8300000000001	217831	9	Bayern	500.9566957201664
9180	Garmisch-Partenkirchen	1012.21	88155	9	Bayern	87.09161142450677
9181	Landsberg am Lech	804.3700000000001	119141	9	Bayern	148.11716001342663
9182	Miesbach	866.22	99189	9	Bayern	114.50786174412967
9183	Mühldorf a.Inn	805.3600000000001	114486	9	Bayern	142.15506109069233
9184	München	664.2699999999999	346433	9	Bayern	521.5243801466272
9185	Neuburg-Schrobenhausen	739.72	96164	9	Bayern	130.00054074514682
9186	Pfaffenhofen a.d.Ilm	761.0499999999998	126244	9	Bayern	165.88134813744173
9187	Rosenheim	1439.45	259449	9	Bayern	180.2417590051756
9188	Starnberg	487.72	135545	9	Bayern	277.9156073156729
9189	Traunstein	1533.7399999999998	176290	9	Bayern	114.94125471070717
9190	Weilheim-Schongau	966.2900000000001	134252	9	Bayern	138.93551625288472
9261	Landshut, Stadt	65.83	71193	9	Bayern	1081.4674160717
9262	Passau, Stadt	69.56	51781	9	Bayern	744.4077055779184
9263	Straubing, Stadt	67.59	47586	9	Bayern	704.0390590324012
9271	Deggendorf	861.1499999999999	118741	9	Bayern	137.88654705916508
9272	Freyung-Grafenau	983.8799999999999	78345	9	Bayern	79.62861324551776
9273	Kelheim	1065.1299999999999	121119	9	Bayern	113.7128801179199
9274	Landshut	1347.56	157239	9	Bayern	116.68422927365016
9275	Passau	1530.0800000000004	190504	9	Bayern	124.50590818780714
9276	Regen	974.7900000000001	77489	9	Bayern	79.4930190092225
9277	Rottal-Inn	1281.22	120371	9	Bayern	93.95029737281654
9278	Straubing-Bogen	1201.64	99838	9	Bayern	83.08478412835791
9279	Dingolfing-Landau	877.57	95831	9	Bayern	109.2004056656449
9361	Amberg, Stadt	50.13	42248	9	Bayern	842.7688011170956
9362	Regensburg, Stadt	80.85	150894	9	Bayern	1866.3450834879407
9363	Weiden i.d.OPf., Stadt	70.57	42543	9	Bayern	602.8482357942469
9371	Amberg-Sulzbach	1255.84	102836	9	Bayern	81.88622754491018
9372	Cham	1520.1100000000004	127339	9	Bayern	83.76959562136949
9373	Neumarkt i.d.OPf.	1343.9500000000003	132644	9	Bayern	98.69712414896385
9374	Neustadt a.d.Waldnaab	1427.6899999999998	94486	9	Bayern	66.18103369779155
9375	Regensburg	1391.7099999999996	192200	9	Bayern	138.10348420288713
9376	Schwandorf	1465.09	146487	9	Bayern	99.98498385764698
9377	Tirschenreuth	1084.2600000000002	72730	9	Bayern	67.07800712006345
9461	Bamberg, Stadt	54.62	77179	9	Bayern	1413.0172098132552
9462	Bayreuth, Stadt	66.89	73999	9	Bayern	1106.27896546569
9463	Coburg, Stadt	48.29	41236	9	Bayern	853.9242079105405
9464	Hof, Stadt	58.02	45950	9	Bayern	791.968286797656
9471	Bamberg	1167.7800000000002	146584	9	Bayern	125.52364315196354
9472	Bayreuth	1273.62	103805	9	Bayern	81.50390226284135
9473	Coburg	590.41	86885	9	Bayern	147.16044782439323
9474	Forchheim	642.8199999999999	115681	9	Bayern	179.95861983136805
9475	Hof	892.51	95773	9	Bayern	107.3074811486706
9476	Kronach	651.5	67474	9	Bayern	103.56715272448197
9477	Kulmbach	658.3299999999999	72012	9	Bayern	109.3858703082041
9478	Lichtenfels	519.9300000000001	66777	9	Bayern	128.43459696497604
9479	Wunsiedel i.Fichtelgebirge	606.37	73485	9	Bayern	121.18838333030988
9561	Ansbach, Stadt	99.91	41652	9	Bayern	416.8952056851166
9562	Erlangen, Stadt	76.96	110998	9	Bayern	1442.281704781705
9563	Fürth, Stadt	63.35	126526	9	Bayern	1997.2533543804261
9564	Nürnberg, Stadt	186.45	515201	9	Bayern	2763.212657548941
9565	Schwabach, Stadt	40.8	40781	9	Bayern	999.5343137254903
9571	Ansbach	1971.3100000000002	183256	9	Bayern	92.96153319366309
9572	Erlangen-Höchstadt	564.5400000000001	135334	9	Bayern	239.7243773691855
9573	Fürth	307.42	116193	9	Bayern	377.9617461453386
9574	Nürnberger Land	799.54	169752	9	Bayern	212.31207944568126
9575	Neustadt a.d.Aisch-Bad Windsheim	1267.4500000000003	99641	9	Bayern	78.6153299932936
9576	Roth	895.1399999999999	126101	9	Bayern	140.87293607703825
9577	Weißenburg-Gunzenhausen	970.7800000000002	94208	9	Bayern	97.04361441315228
9661	Aschaffenburg, Stadt	62.45	69928	9	Bayern	1119.7437950360288
9662	Schweinfurt, Stadt	35.7	53437	9	Bayern	1496.8347338935573
9663	Würzburg, Stadt	87.6	126635	9	Bayern	1445.6050228310503
9671	Aschaffenburg	698.91	173969	9	Bayern	248.91473866449186
9672	Bad Kissingen	1136.8300000000002	103265	9	Bayern	90.83592093804701
9673	Rhön-Grabfeld	1021.7399999999999	79796	9	Bayern	78.09814629944997
9674	Haßberge	956.1900000000002	84464	9	Bayern	88.33390853282296
9675	Kitzingen	684.16	90429	9	Bayern	132.17522217025257
9676	Miltenberg	715.53	128484	9	Bayern	179.56479812167206
9677	Main-Spessart	1321.18	126523	9	Bayern	95.76514933619946
9678	Schweinfurt	841.3999999999999	115105	9	Bayern	136.80175897314004
9679	Würzburg	968.3300000000002	161340	9	Bayern	166.61675255336505
9761	Augsburg, Stadt	146.87	292851	9	Bayern	1993.9470279839313
9762	Kaufbeuren, Stadt	40.02	43478	9	Bayern	1086.4067966016992
9763	Kempten (Allgäu), Stadt	63.28	68330	9	Bayern	1079.8040455120101
9764	Memmingen, Stadt	70.11	43470	9	Bayern	620.0256739409499
9771	Aichach-Friedberg	780.25	132596	9	Bayern	169.94040371675746
9772	Augsburg	1070.61	249838	9	Bayern	233.36042069474414
9773	Dillingen a.d.Donau	792.2399999999999	95159	9	Bayern	120.11385438755934
9774	Günzburg	762.41	124519	9	Bayern	163.3228840125392
9775	Neu-Ulm	515.85	172546	9	Bayern	334.4887079577396
9776	Lindau (Bodensee)	323.39	81148	9	Bayern	250.9292185905563
9777	Ostallgäu	1394.4600000000003	139278	9	Bayern	99.87952325631426
9778	Unterallgäu	1229.58	142544	9	Bayern	115.92901641210821
9779	Donau-Ries	1274.56	133043	9	Bayern	104.38347351242783
9780	Oberallgäu	1527.98	154568	9	Bayern	101.15839212555139
10041	Regionalverband Saarbrücken	410.94999999999993	330150	10	Saarland	803.3824066188103
10042	Merzig-Wadern	556.66	103656	10	Saarland	186.2106133007581
10043	Neunkirchen	249.79999999999998	133297	10	Saarland	533.6148919135309
10044	Saarlouis	459.35	195815	10	Saarland	426.28714487863283
10045	Saarpfalz-Kreis	418.2799999999999	143402	10	Saarland	342.8373338433586
10046	St. Wendel	476.07	87867	10	Saarland	184.5673955510744
11000	Berlin, Stadt	891.12	3613495	11	Berlin	4055.0038154232875
12051	Brandenburg an der Havel, Stadt	229.72	71886	12	Brandenburg	312.92878286609783
12052	Cottbus, Stadt	165.62	101036	12	Brandenburg	610.0470957613815
12053	Frankfurt (Oder), Stadt	147.85	58237	12	Brandenburg	393.89245857287796
12054	Potsdam, Stadt	188.26	175710	12	Brandenburg	933.3368745352172
12060	Barnim	1479.6699999999998	180864	12	Brandenburg	122.23265998499667
12061	Dahme-Spreewald	2274.48	167319	12	Brandenburg	73.5636277302944
12062	Elbe-Elster	1899.5700000000002	103455	12	Brandenburg	54.4623256842338
12063	Havelland	1727.29	160710	12	Brandenburg	93.04170116193575
12064	Märkisch-Oderland	2158.67	192921	12	Brandenburg	89.37030671663571
12065	Oberhavel	1808.16	209893	12	Brandenburg	116.08098840810547
12066	Oberspreewald-Lausitz	1223.0699999999997	111122	12	Brandenburg	90.85497968227496
12067	Oder-Spree	2256.7599999999998	178347	12	Brandenburg	79.02789840302027
12068	Ostprignitz-Ruppin	2526.57	99368	12	Brandenburg	39.32920916499444
12069	Potsdam-Mittelmark	2592.06	213214	12	Brandenburg	82.25658356673843
12070	Prignitz	2138.5600000000004	77263	12	Brandenburg	36.12851638485709
12071	Spree-Neiße	1656.97	115456	12	Brandenburg	69.67899237765319
12072	Teltow-Fläming	2104.24	166890	12	Brandenburg	79.31129528951071
12073	Uckermark	3076.9	120349	12	Brandenburg	39.113718352887645
13003	Rostock, Stadt	181.36	208409	13	Mecklenburg-Vorpommern	1149.145346272607
13004	Schwerin, Stadt	130.52	95797	13	Mecklenburg-Vorpommern	733.9641434262948
13071	Mecklenburgische Seenplatte	5495.6500000000015	260574	13	Mecklenburg-Vorpommern	47.41459154058209
13072	Landkreis Rostock	3431.279999999999	214635	13	Mecklenburg-Vorpommern	62.552458557739406
13073	Vorpommern-Rügen	3214.430000000001	225123	13	Mecklenburg-Vorpommern	70.0351228678179
13074	Nordwestmecklenburg	2127.08	156993	13	Mecklenburg-Vorpommern	73.80681497639958
13075	Vorpommern-Greifswald	3945.6299999999987	237066	13	Mecklenburg-Vorpommern	60.08318063275068
13076	Ludwigslust-Parchim	4766.76	212522	13	Mecklenburg-Vorpommern	44.58416198843659
14511	Chemnitz, Stadt	221.05	246855	14	Sachsen	1116.738294503506
14521	Erzgebirgskreis	1827.89	340373	14	Sachsen	186.21087702214027
14522	Mittelsachsen	2116.88	308153	14	Sachsen	145.5694229243037
14523	Vogtlandkreis	1412.4499999999998	229584	14	Sachsen	162.5430988707565
14524	Zwickau	949.77	319988	14	Sachsen	336.9110416206029
14612	Dresden, Stadt	328.48	551072	14	Sachsen	1677.6424744276667
14625	Bautzen	2395.5800000000013	302634	14	Sachsen	126.33015804105888
14626	Görlitz	2111.41	256587	14	Sachsen	121.52400528556747
14627	Meißen	1454.58	242862	14	Sachsen	166.9636596130842
14628	Sächsische Schweiz-Osterzgebirge	1654.1899999999998	245418	14	Sachsen	148.361433692623
14713	Leipzig, Stadt	297.8	581980	14	Sachsen	1954.2646071188717
14729	Leipzig	1651.3199999999997	258008	14	Sachsen	156.24349005643973
14730	Nordsachsen	2028.5399999999997	197794	14	Sachsen	97.50559515710808
15001	Dessau-Roßlau, Stadt	244.75	82111	15	Sachsen-Anhalt	335.48927477017367
15002	Halle (Saale), Stadt	135.02	239173	15	Sachsen-Anhalt	1771.3894237890681
15003	Magdeburg, Stadt	201.01	238478	15	Sachsen-Anhalt	1186.3986866325058
15081	Altmarkkreis Salzwedel	2293.03	84457	15	Sachsen-Anhalt	36.83205191384325
15082	Anhalt-Bitterfeld	1453.5200000000002	161264	15	Sachsen-Anhalt	110.94721778854091
15083	Börde	2366.59	172619	15	Sachsen-Anhalt	72.93996847785209
15084	Burgenlandkreis	1413.6999999999998	181968	15	Sachsen-Anhalt	128.7175496922968
15085	Harz	2104.54	216299	15	Sachsen-Anhalt	102.7773290125158
15086	Jerichower Land	1576.8500000000001	90465	15	Sachsen-Anhalt	57.370707423026914
15087	Mansfeld-Südharz	1448.86	138013	15	Sachsen-Anhalt	95.25627044711015
15088	Saalekreis	1433.71	185494	15	Sachsen-Anhalt	129.38041863417288
15089	Salzlandkreis	1426.8500000000001	192739	15	Sachsen-Anhalt	135.08007148614078
15090	Stendal	2423.25	113186	15	Sachsen-Anhalt	46.70834622923759
15091	Wittenberg	1930.4700000000003	126815	15	Sachsen-Anhalt	65.69125653338305
16051	Erfurt, Stadt	269.91	212988	16	Thüringen	789.1074802712014
16052	Gera, Stadt	152.19	94859	16	Thüringen	623.2932518562324
16053	Jena, Stadt	114.76	111099	16	Thüringen	968.0986406413384
16054	Suhl, Stadt	103.03	35166	16	Thüringen	341.3180627001844
16055	Weimar, Stadt	84.48	64426	16	Thüringen	762.6183712121211
16056	Eisenach, Stadt	104.17	42710	16	Thüringen	410.00287990784295
16061	Eichsfeld	943.0699999999999	100645	16	Thüringen	106.72060398485797
16062	Nordhausen	713.92	84697	16	Thüringen	118.63654190945765
16063	Wartburgkreis	1307.46	123764	16	Thüringen	94.659874871889
16064	Unstrut-Hainich-Kreis	979.6800000000001	103504	16	Thüringen	105.650824759105
16065	Kyffhäuserkreis	1037.8700000000003	75818	16	Thüringen	73.05153824660118
16066	Schmalkalden-Meiningen	1210.74	122952	16	Thüringen	101.55111749838942
16067	Gotha	936.0800000000002	135521	16	Thüringen	144.7750192291257
16068	Sömmerda	806.86	70027	16	Thüringen	86.78952978211834
16069	Hildburghausen	938.4300000000001	63923	16	Thüringen	68.11696130771607
16070	Ilm-Kreis	843.7299999999999	108830	16	Thüringen	128.98676116767214
16071	Weimarer Land	804.49	82131	16	Thüringen	102.09076557819239
16072	Sonneberg	433.60999999999996	56361	16	Thüringen	129.98085837503749
16073	Saalfeld-Rudolstadt	1036.0199999999995	107368	16	Thüringen	103.63506496013595
16074	Saale-Holzland-Kreis	815.2600000000001	82990	16	Thüringen	101.79574614233495
16075	Saale-Orla-Kreis	1151.33	81501	16	Thüringen	70.78856626683923
16076	Greiz	845.9499999999999	99275	16	Thüringen	117.35327146994504
16077	Altenburger Land	569.44	90650	16	Thüringen	159.19148637257655
